{"cameraMode":{"drawMode":0,"name":"Shaded","section":"Shading Mode"},"sceneLighting":true,"audioPlay":false,"sceneViewState":{"m_AlwaysRefresh":false,"showFog":true,"showSkybox":true,"showFlares":true,"showImageEffects":true,"showParticleSystems":true,"showVisualEffectGraphs":true,"m_FxEnabled":true},"in2DMode":false,"pivot":{"x":-0.10330778360366821,"y":1.0550873279571534,"z":-4.479640007019043},"rotation":{"x":0.20658819377422334,"y":0.24076786637306214,"z":-0.052530061453580859,"w":0.9468892812728882},"size":11.685482025146485,"orthographic":false}